Temperatures,Energies
-20,0.676375
-10,1.38384
-7,1.95489
-4,3.29826
-2,6.18438
-1,10.7164
-0.5,16.2911
-0.1,22.8029
-0.01,22.875
0.01,-31.1243
0.1,-31.1245
0.5,-25.9121
1,-15.4232
2,-7.62636
4,-3.68199
7,-2.08006
10,-1.41795
20,-0.708319
